,mean_score,std_score,anomaly_rate
0,10244.0458984375,9187.240234375,1.0
